threshold,sensitivity/recall,specificity,precision,f1_score,false_negatives,false_positives
0.1,0.9948542024013722,0.6616915422885572,0.8950617283950617,0.942323314378554,3,68
0.11,0.9948542024013722,0.6766169154228856,0.8992248062015504,0.9446254071661238,3,65
0.12,0.9914236706689536,0.6915422885572139,0.903125,0.9452166802943581,5,62
0.13,0.9914236706689536,0.6965174129353234,0.9045383411580594,0.9459901800327333,5,61
0.14,0.9914236706689536,0.7114427860696517,0.9088050314465409,0.948318293683347,5,58
0.15,0.9914236706689536,0.7213930348258707,0.9116719242902208,0.9498767460969597,5,56
0.16,0.9897084048027445,0.7213930348258707,0.9115323854660348,0.9490131578947368,6,56
0.17,0.9897084048027445,0.7611940298507462,0.9232,0.9552980132450332,6,48
0.18,0.9897084048027445,0.7711442786069652,0.9261637239165329,0.956882255389718,6,46
0.19,0.9862778730703259,0.7761194029850746,0.9274193548387096,0.9559434746467166,8,45
0.2,0.9862778730703259,0.7910447761194029,0.9319286871961102,0.9583333333333334,8,42
0.21,0.9862778730703259,0.7960199004975125,0.9334415584415584,0.9591326105087573,8,41
0.22,0.9845626072041166,0.8109452736318408,0.9379084967320261,0.9606694560669456,9,38
0.23,0.9845626072041166,0.8159203980099502,0.939443535188216,0.9614740368509213,9,37
0.24,0.9828473413379074,0.8159203980099502,0.9393442622950819,0.9606035205364627,10,37
0.25,0.9828473413379074,0.8159203980099502,0.9393442622950819,0.9606035205364627,10,37
0.26,0.9828473413379074,0.8208955223880597,0.9408866995073891,0.9614093959731543,10,36
0.27,0.9828473413379074,0.8258706467661692,0.9424342105263158,0.9622166246851386,10,35
0.28,0.9828473413379074,0.8308457711442786,0.943986820428336,0.9630252100840336,10,34
0.29,0.9828473413379074,0.8407960199004975,0.947107438016529,0.9646464646464646,10,32
0.3,0.9828473413379074,0.8507462686567164,0.9502487562189055,0.9662731871838112,10,30
0.31,0.9828473413379074,0.8507462686567164,0.9502487562189055,0.9662731871838112,10,30
0.32,0.9794168096054888,0.8606965174129353,0.9532554257095158,0.9661590524534687,12,28
0.33,0.9794168096054888,0.8606965174129353,0.9532554257095158,0.9661590524534687,12,28
0.34,0.9777015437392796,0.8656716417910447,0.9547738693467337,0.9661016949152542,13,27
0.35,0.9777015437392796,0.8656716417910447,0.9547738693467337,0.9661016949152542,13,27
0.36,0.9759862778730704,0.8756218905472637,0.9579124579124579,0.9668649107901445,14,25
0.37,0.9742710120068611,0.8756218905472637,0.9578414839797639,0.9659863945578231,15,25
0.38,0.9742710120068611,0.8805970149253731,0.9594594594594594,0.9668085106382979,15,24
0.39,0.9725557461406518,0.8905472636815921,0.9626485568760611,0.9675767918088737,16,22
0.4,0.9725557461406518,0.8905472636815921,0.9626485568760611,0.9675767918088737,16,22
0.41,0.9725557461406518,0.8905472636815921,0.9626485568760611,0.9675767918088737,16,22
0.42,0.9725557461406518,0.8905472636815921,0.9626485568760611,0.9675767918088737,16,22
0.43,0.9725557461406518,0.8955223880597015,0.9642857142857143,0.968403074295474,16,21
0.44,0.9725557461406518,0.8955223880597015,0.9642857142857143,0.968403074295474,16,21
0.45,0.9725557461406518,0.900497512437811,0.9659284497444633,0.9692307692307692,16,20
0.46,0.9725557461406518,0.900497512437811,0.9659284497444633,0.9692307692307692,16,20
0.47,0.9708404802744426,0.9054726368159204,0.9675213675213675,0.9691780821917808,17,19
0.48,0.9691252144082333,0.9054726368159204,0.9674657534246576,0.9682947729220223,18,19
0.49,0.9691252144082333,0.9054726368159204,0.9674657534246576,0.9682947729220223,18,19
0.5,0.9691252144082333,0.9104477611940298,0.9691252144082333,0.9691252144082333,18,18
0.51,0.967409948542024,0.9104477611940298,0.9690721649484536,0.9682403433476395,19,18
0.52,0.9656946826758147,0.9104477611940298,0.9690189328743546,0.9673539518900344,20,18
0.53,0.9639794168096055,0.9154228855721394,0.9706390328151986,0.9672977624784854,21,17
0.54,0.9622641509433962,0.9203980099502488,0.9722703639514731,0.9672413793103448,22,16
0.55,0.9605488850771869,0.9303482587064676,0.975609756097561,0.9680207433016422,23,14
0.56,0.9605488850771869,0.9303482587064676,0.975609756097561,0.9680207433016422,23,14
0.57,0.9588336192109777,0.9402985074626866,0.978984238178634,0.9688041594454073,24,12
0.58,0.9588336192109777,0.9402985074626866,0.978984238178634,0.9688041594454073,24,12
0.59,0.9554030874785592,0.9402985074626866,0.9789103690685413,0.9670138888888888,26,12
0.6,0.9554030874785592,0.9402985074626866,0.9789103690685413,0.9670138888888888,26,12
0.61,0.9536878216123499,0.9402985074626866,0.9788732394366197,0.9661164205039097,27,12
0.62,0.9536878216123499,0.945273631840796,0.9805996472663139,0.9669565217391304,27,11
0.63,0.9536878216123499,0.945273631840796,0.9805996472663139,0.9669565217391304,27,11
0.64,0.9502572898799314,0.9552238805970149,0.9840142095914742,0.9668411867364747,29,9
0.65,0.9502572898799314,0.9552238805970149,0.9840142095914742,0.9668411867364747,29,9
0.66,0.9502572898799314,0.9552238805970149,0.9840142095914742,0.9668411867364747,29,9
0.67,0.9502572898799314,0.9552238805970149,0.9840142095914742,0.9668411867364747,29,9
0.68,0.9485420240137221,0.9552238805970149,0.9839857651245552,0.965938864628821,30,9
0.69,0.9433962264150944,0.9552238805970149,0.9838998211091234,0.9632224168126094,33,9
0.7,0.9416809605488851,0.9552238805970149,0.9838709677419355,0.9623137598597721,34,9
0.71,0.9399656946826758,0.9601990049751243,0.9856115107913669,0.9622475856014048,35,8
0.72,0.9331046312178388,0.9601990049751243,0.9855072463768116,0.958590308370044,39,8
0.73,0.9245283018867925,0.9601990049751243,0.9853747714808044,0.9539823008849557,44,8
0.74,0.9228130360205832,0.9601990049751243,0.9853479853479854,0.9530558015943312,45,8
0.75,0.9228130360205832,0.9601990049751243,0.9853479853479854,0.9530558015943312,45,8
0.76,0.9210977701543739,0.9601990049751243,0.9853211009174312,0.9521276595744681,46,8
0.77,0.9176672384219554,0.9651741293532339,0.9870848708487084,0.9511111111111111,48,7
0.78,0.9176672384219554,0.9651741293532339,0.9870848708487084,0.9511111111111111,48,7
0.79,0.9159519725557461,0.9701492537313433,0.9888888888888889,0.9510240427426536,49,6
0.8,0.9125214408233276,0.9701492537313433,0.9888475836431226,0.9491525423728814,51,6
0.81,0.9090909090909091,0.9701492537313433,0.9888059701492538,0.9472743521000894,53,6
0.82,0.9039451114922813,0.9751243781094527,0.9906015037593985,0.9452914798206278,56,5
0.83,0.8936535162950258,0.9751243781094527,0.9904942965779467,0.939585211902615,62,5
0.84,0.8902229845626072,0.9800995024875622,0.9923518164435946,0.9385171790235082,64,4
0.85,0.8867924528301887,0.9800995024875622,0.9923224568138196,0.9365942028985508,66,4
0.86,0.8799313893653516,0.9800995024875622,0.9922630560928434,0.9327272727272727,70,4
0.87,0.8713550600343053,0.9850746268656716,0.9941291585127201,0.9287020109689214,75,3
0.88,0.8644939965694682,0.9850746268656716,0.9940828402366864,0.9247706422018349,79,3
0.89,0.8593481989708405,0.9900497512437811,0.9960238568588469,0.9226519337016574,82,2
0.9,0.8542024013722127,0.9900497512437811,0.996,0.9196675900277008,85,2
