threshold,sensitivity,specitivity,precision,false_negatives,false_positivies
0.1,0.9965694682675815,0.5870646766169154,0.875,2,83
0.11,0.9965694682675815,0.6169154228855721,0.8829787234042553,2,77
0.12,0.9965694682675815,0.6417910447761194,0.889739663093415,2,72
0.13,0.9965694682675815,0.6616915422885572,0.8952234206471494,2,68
0.14,0.9948542024013722,0.6865671641791045,0.9020217729393468,3,63
0.15,0.9948542024013722,0.6965174129353234,0.9048361934477379,3,61
0.16,0.9948542024013722,0.7164179104477612,0.9105180533751962,3,57
0.17,0.9948542024013722,0.7263681592039801,0.9133858267716536,3,55
0.18,0.9931389365351629,0.7412935323383084,0.9175911251980983,4,52
0.19,0.9931389365351629,0.746268656716418,0.919047619047619,4,51
0.2,0.9931389365351629,0.7562189054726368,0.9219745222929936,4,49
0.21,0.9931389365351629,0.7562189054726368,0.9219745222929936,4,49
0.22,0.9914236706689536,0.7611940298507462,0.9233226837060703,5,48
0.23,0.9914236706689536,0.7661691542288557,0.9248,5,47
0.24,0.9879931389365352,0.7711442786069652,0.9260450160771704,7,46
0.25,0.9862778730703259,0.7860696517412935,0.93042071197411,8,43
0.26,0.9862778730703259,0.7960199004975125,0.9334415584415584,8,41
0.27,0.9845626072041166,0.8059701492537313,0.9363784665579119,9,39
0.28,0.9845626072041166,0.8159203980099502,0.939443535188216,9,37
0.29,0.9811320754716981,0.8208955223880597,0.9407894736842105,11,36
0.3,0.9811320754716981,0.8258706467661692,0.942339373970346,11,35
0.31,0.9794168096054888,0.8407960199004975,0.9469320066334992,12,32
0.32,0.9777015437392796,0.845771144278607,0.9484193011647255,13,31
0.33,0.9777015437392796,0.845771144278607,0.9484193011647255,13,31
0.34,0.9759862778730704,0.8507462686567164,0.9499165275459098,14,30
0.35,0.9742710120068611,0.8557213930348259,0.9514237855946399,15,29
0.36,0.9725557461406518,0.8557213930348259,0.9513422818791947,16,29
0.37,0.9725557461406518,0.8606965174129353,0.9529411764705882,16,28
0.38,0.9708404802744426,0.8606965174129353,0.9528619528619529,17,28
0.39,0.9708404802744426,0.8606965174129353,0.9528619528619529,17,28
0.4,0.9691252144082333,0.8756218905472637,0.9576271186440678,18,25
0.41,0.9691252144082333,0.8756218905472637,0.9576271186440678,18,25
0.42,0.9656946826758147,0.8756218905472637,0.9574829931972789,20,25
0.43,0.9622641509433962,0.8805970149253731,0.958974358974359,22,24
0.44,0.9622641509433962,0.8805970149253731,0.958974358974359,22,24
0.45,0.9605488850771869,0.8805970149253731,0.958904109589041,23,24
0.46,0.9605488850771869,0.8805970149253731,0.958904109589041,23,24
0.47,0.9605488850771869,0.8805970149253731,0.958904109589041,23,24
0.48,0.9588336192109777,0.8905472636815921,0.9621342512908778,24,22
0.49,0.9571183533447685,0.8905472636815921,0.9620689655172414,25,22
0.5,0.9571183533447685,0.8905472636815921,0.9620689655172414,25,22
0.51,0.9554030874785592,0.8955223880597015,0.9636678200692042,26,21
0.52,0.9519725557461407,0.8955223880597015,0.9635416666666666,28,21
0.53,0.9519725557461407,0.9054726368159204,0.9668989547038328,28,19
0.54,0.9519725557461407,0.9104477611940298,0.9685863874345549,28,18
0.55,0.9519725557461407,0.9154228855721394,0.9702797202797203,28,17
0.56,0.9519725557461407,0.9203980099502488,0.9719789842381786,28,16
0.57,0.9519725557461407,0.9253731343283582,0.9736842105263158,28,15
0.58,0.9502572898799314,0.9253731343283582,0.9736379613356766,29,15
0.59,0.9485420240137221,0.9253731343283582,0.9735915492957746,30,15
0.6,0.9468267581475128,0.9253731343283582,0.9735449735449735,31,15
0.61,0.9451114922813036,0.9253731343283582,0.9734982332155477,32,15
0.62,0.9416809605488851,0.9303482587064676,0.9751332149200711,34,14
0.63,0.9416809605488851,0.9353233830845771,0.9768683274021353,34,13
0.64,0.9416809605488851,0.9353233830845771,0.9768683274021353,34,13
0.65,0.9416809605488851,0.9402985074626866,0.9786096256684492,34,12
0.66,0.9399656946826758,0.9402985074626866,0.9785714285714285,35,12
0.67,0.9382504288164666,0.9402985074626866,0.9785330948121646,36,12
0.68,0.9331046312178388,0.9402985074626866,0.9784172661870504,39,12
0.69,0.9331046312178388,0.9402985074626866,0.9784172661870504,39,12
0.7,0.9296740994854202,0.9402985074626866,0.9783393501805054,41,12
0.71,0.9262435677530018,0.9402985074626866,0.9782608695652174,43,12
0.72,0.9245283018867925,0.9402985074626866,0.9782214156079855,44,12
0.73,0.9245283018867925,0.9402985074626866,0.9782214156079855,44,12
0.74,0.9176672384219554,0.9402985074626866,0.9780621572212066,48,12
0.75,0.9159519725557461,0.945273631840796,0.9798165137614679,49,11
0.76,0.9108061749571184,0.9552238805970149,0.9833333333333333,52,9
0.77,0.9090909090909091,0.9651741293532339,0.9869646182495344,53,7
0.78,0.9073756432246999,0.9651741293532339,0.9869402985074627,54,7
0.79,0.9039451114922813,0.9651741293532339,0.9868913857677902,56,7
0.8,0.902229845626072,0.9651741293532339,0.9868667917448405,57,7
0.81,0.8987993138936535,0.9651741293532339,0.9868173258003766,59,7
0.82,0.8953687821612349,0.9701492537313433,0.9886363636363636,61,6
0.83,0.8919382504288165,0.9701492537313433,0.9885931558935361,63,6
0.84,0.8850771869639794,0.9800995024875622,0.9923076923076923,67,4
0.85,0.8747855917667239,0.9800995024875622,0.9922178988326849,73,4
0.86,0.8662092624356775,0.9850746268656716,0.9940944881889764,78,3
0.87,0.855917667238422,0.9900497512437811,0.9960079840319361,84,2
0.88,0.8456260720411664,0.9900497512437811,0.9959595959595959,90,2
0.89,0.8456260720411664,0.9900497512437811,0.9959595959595959,90,2
0.9,0.8336192109777015,0.9900497512437811,0.9959016393442623,97,2
