accuracy,loss,precision,recall,roc_auc,val_accuracy,val_loss,val_precision,val_recall,val_roc_auc
0.7486461997032166,0.49503010511398315,0.7918006181716919,0.8976306319236755,0.771219789981842,0.8265306353569031,0.3649615943431854,0.8188302516937256,0.9845626354217529,0.9428969621658325
0.853564977645874,0.33797451853752136,0.8582271337509155,0.9617254137992859,0.9282860159873962,0.894132673740387,0.28160980343818665,0.9006410241127014,0.9639794230461121,0.9598278403282166
0.8862816095352173,0.27937427163124084,0.9010356664657593,0.9513972997665405,0.9513295292854309,0.9056122303009033,0.24325509369373322,0.9192751049995422,0.9571183323860168,0.9665651917457581
0.9047833681106567,0.2436061054468155,0.9193454384803772,0.9556500315666199,0.9626085162162781,0.9145408272743225,0.22190962731838226,0.9387755393981934,0.9468267560005188,0.9703540802001953
0.9088447690010071,0.22753392159938812,0.9259586930274963,0.9535236954689026,0.9665840864181519,0.918367326259613,0.20590287446975708,0.9390863180160522,0.9519725441932678,0.973583996295929
0.9212545156478882,0.21004201471805573,0.9378161430358887,0.9574726819992065,0.9713197946548462,0.918367326259613,0.19478344917297363,0.9405772686004639,0.9502573013305664,0.9759522080421448
0.9189981818199158,0.2008684277534485,0.9368484020233154,0.9553462862968445,0.9735240936279297,0.9272959232330322,0.18653686344623566,0.9518900513648987,0.9502573013305664,0.9776674509048462
0.9228339195251465,0.1942792385816574,0.9410884976387024,0.95595383644104,0.9743677973747253,0.9285714030265808,0.17927515506744385,0.9535284042358398,0.9502573013305664,0.9790242314338684
0.9300541281700134,0.18161027133464813,0.946674644947052,0.959902822971344,0.9786416888237,0.9298469424247742,0.17215463519096375,0.9536082744598389,0.9519725441932678,0.9799672961235046
0.9334385991096497,0.17359960079193115,0.9490560293197632,0.9620291590690613,0.9796515703201294,0.9362244606018066,0.16998225450515747,0.9650959968566895,0.9485419988632202,0.9805303812026978
0.9370487332344055,0.16767802834510803,0.951724112033844,0.9641555547714233,0.9813367128372192,0.9375,0.16375486552715302,0.9635416865348816,0.9519725441932678,0.9812813997268677
0.9381768703460693,0.16363570094108582,0.9536981582641602,0.9635480046272278,0.9822962284088135,0.9375,0.15971536934375763,0.9635416865348816,0.9519725441932678,0.982138991355896
0.9388538002967834,0.1599167436361313,0.9534674286842346,0.9647630453109741,0.9826499819755554,0.9375,0.15645252168178558,0.9635416865348816,0.9519725441932678,0.9828857779502869
0.9417870044708252,0.15138068795204163,0.958031415939331,0.9638517498970032,0.9849708676338196,0.9375,0.1536707878112793,0.9635416865348816,0.9519725441932678,0.9832655191421509
0.9422382712364197,0.15819695591926575,0.9555822610855103,0.9671931862831116,0.9822701215744019,0.9375,0.15136754512786865,0.9635416865348816,0.9519725441932678,0.9838032126426697
0.9406588673591614,0.1550900638103485,0.9574146866798401,0.9629404544830322,0.9830966591835022,0.9387755393981934,0.1481187343597412,0.9620034694671631,0.9554030895233154,0.9841017723083496
0.9435920715332031,0.14691369235515594,0.9581325054168701,0.9662818908691406,0.9852129220962524,0.9413265585899353,0.1481335312128067,0.9669564962387085,0.953687846660614,0.9844644069671631
0.9449458718299866,0.14312444627285004,0.962098240852356,0.9638517498970032,0.986382782459259,0.9387755393981934,0.14432315528392792,0.9620034694671631,0.9554030895233154,0.9844686985015869
0.9447202086448669,0.1442781388759613,0.958747386932373,0.9671931862831116,0.9854311347007751,0.9387755393981934,0.14272814989089966,0.9620034694671631,0.9554030895233154,0.9849550724029541
0.9411101341247559,0.1406455934047699,0.9571644067764282,0.9638517498970032,0.986116886138916,0.9400510191917419,0.14141970872879028,0.9620689749717712,0.9571183323860168,0.9851173162460327
